"id","V1","V2","V3","V4","V5"
1,0.0847272567451,1,0.991212286986411,-0.630939937662333,-0.215969054494053
2,-0.0476165203843266,1,0.246503264177591,-0.0388176632113755,0.407771464902908
3,-0.525871418556198,1,-0.717501487117261,-0.0290948050096631,0.416077665053308
4,0.0767454238142818,1,0.261855957563967,0.247292501851916,0.716296944767237
5,-0.217652408964932,1,0.563094013370574,-0.77704278472811,-0.660865802317858
6,-0.429221760621294,1,-0.129335470031947,-0.251717037521303,-0.890389143489301
7,0.143642006861046,1,0.287385721690953,0.657199330162257,0.0278934696689248
8,0.310549019742757,1,0.516301726922393,0.840224304702133,0.00330864870920777
9,-0.407754181418568,1,-0.604686442296952,0.11184102203697,0.610367331188172
10,-0.742902986286208,1,-0.769869737327099,-0.689285372383893,0.488174940925092
11,-0.122403403930366,1,0.723401653580368,-0.655306079424918,-0.875124068930745
12,0.0856426454614848,1,0.772963572759181,-0.0832725283689797,-0.758573824074119
13,0.417351777479052,1,0.509217373561114,0.948837201111019,0.780919303651899
14,-0.195598189113662,1,-0.59581271931529,0.906082677189261,0.304833673872054
15,-0.689081012038514,1,-0.436090513598174,-0.594899847637862,-0.925658009480685
16,-0.0904937658458948,1,-0.105227722786367,0.605123023502529,-0.194168115034699
17,0.358588487654924,1,0.715230257250369,0.810120568145066,-0.420628114137799
18,-0.868831422785297,1,-0.812054671347141,-0.801452878396958,-0.22368223592639
19,-0.0342110773548484,1,0.0605911589227617,0.145233896560967,0.919231742154807
20,-0.227931137336418,1,0.226313626859337,-0.469568127766252,-0.00217512436211109
21,-0.408073941245675,1,-0.828038169071078,0.868601507041603,-0.546353088226169
22,0.108080878434703,1,0.50030663004145,0.195344624575227,-0.00675823958590627
23,-0.0230303283315152,1,0.231038007419556,0.202656028326601,0.0065385946072638
24,0.0963771150913089,1,0.432629564311355,0.119702968746424,0.441514423117042
25,0.0803233391139656,1,0.534792367368937,-0.273005772847682,0.94828887283802
26,-0.191590479202569,1,-0.383100030012429,0.713726122397929,-0.14158300915733
27,-0.116675866767764,1,-0.375301025807858,0.992953156586736,-0.269113008398563
28,-0.730655947932974,1,-0.933627176098526,0.0172136467881501,-0.690064539201558
29,-0.469856432266533,1,-0.99944544583559,0.95717405108735,-0.572859246749431
30,-0.0319217666052282,1,0.864357974380255,-0.852015331853181,-0.0849615423940122
31,-0.59421177264303,1,-0.203924963716418,-0.896384315099567,-0.233339962549508
32,0.305146608268842,1,0.516403641551733,0.845131556037813,-0.0659467931836843
33,-0.35712300715968,1,0.0494000855833292,-0.430072891525924,-0.528011824935675
34,-0.212677369778976,1,-0.161858455743641,-0.0659959381446242,0.880506395362318
35,-0.385875932546333,1,0.0324114807881415,-0.453217165078968,-0.661165234167129
36,-0.0425365185365081,1,-0.251306197140366,0.677402787376195,0.798957438208163
37,-0.774421941069886,1,-0.980481112375855,-0.510863311588764,0.690776085946709
38,-0.599500140873715,1,-0.890351880341768,0.297480577137321,-0.435683738440275
39,0.190659990627319,1,0.0855742292478681,0.924987644422799,0.703765826765448
40,-0.367141505889595,1,-0.0392698552459478,-0.517850001342595,0.0784842213615775
41,0.0155339436139911,1,0.167791658081114,0.345638561528176,0.279465461149812
42,0.448578469874337,1,0.92975595081225,0.663777118548751,-0.154326410964131
43,-0.205338551476598,1,-0.391919783316553,0.386360516771674,0.747131851501763
44,0.382326879259199,1,0.819436058867723,0.908480808604509,-0.999353927560151
45,0.304194615827873,1,0.983300801832229,-0.0206415741704404,0.18736687162891
46,0.311499888682738,1,0.731522144749761,0.71943296957761,-0.700910745654255
47,-0.0329189857002348,1,0.835537473671138,-0.977910481393337,0.426854218821973
48,-0.350221256166697,1,0.163079667370766,-0.681384771130979,-0.27345658512786
49,-0.268190533481538,1,-0.49118722602725,0.887048742733896,-0.887115432880819
50,-0.183789469162002,1,0.238035770133138,-0.379578906111419,0.110663176048547
51,-0.335778667265549,1,0.014487465377897,-0.757636526599526,0.842685580253601
52,0.213534803874791,1,0.329780590720475,0.889846436679363,-0.183094224892557
53,0.137533787637949,1,0.443704966921359,0.0784922344610095,0.921336338389665
54,0.0773638314101845,1,0.330294016748667,0.222830735146999,0.453676024917513
55,-0.610026438580826,1,-0.205061293207109,-0.993883350864053,-0.0933078671805561
56,-0.116312815342098,1,0.516706424299628,-0.589932511094958,0.0231372583657503
57,0.106646447908133,1,0.234140291344374,0.671545065473765,-0.118872174061835
58,0.238747833436355,1,0.822062522172928,0.240970419719815,-0.445745535660535
59,-0.106341730011627,1,0.385473437141627,-0.154079103376716,-0.528547175694257
60,-0.685174928186461,1,-0.688145121093839,-0.294891898985952,-0.52634797943756
61,-0.801044115610421,1,-0.838039547204971,-0.885450615547597,0.836108426563442
62,-0.474552220245823,1,-0.845992584712803,0.318773434963077,0.528120416216552
63,-0.335491736000404,1,-0.189278877805918,-0.370872832369059,0.704095526132733
64,-0.568953511957079,1,-0.917470544576645,0.218325939029455,0.242839786224067
65,0.132804534956813,1,0.770886986516416,-0.40943301236257,0.701909454073757
66,-0.274892986193299,1,-0.430549683980644,0.643950678873807,-0.528033478651196
67,-0.85877416646108,1,-0.720022098626941,-0.777741351164877,-0.654407117981464
68,-0.47617289214395,1,-0.645033415406942,0.451268348377198,-0.890366889536381
69,-0.524238582560793,1,-0.595515863038599,-0.209435298107564,0.363499383907765
70,0.0317195671610534,1,0.773789009544998,-0.504581577144563,-0.0380046446807683
71,-0.306744810380042,1,-0.010723324958235,-0.153749778401107,-0.552582143805921
72,0.22802087077871,1,0.42641241941601,0.571771397255361,0.432832418940961
73,-0.786341638956219,1,-0.765470643527806,-0.758664632681757,0.239930726122111
74,-0.442796341376379,1,-0.435889088083059,0.0979272467084229,-0.542299713473767
75,-0.733237994182855,1,-0.910425087437034,-0.383562784641981,0.370433849282563
76,-0.966630524070933,1,-0.903612182009965,-0.808872693218291,-0.721626251004636
77,-0.406082916725427,1,0.0628069122321904,-0.489338089246303,-0.906849460676312
78,-0.159987735608593,1,0.0746141644194722,-0.135336334817111,0.433060826268047
79,-0.413584172632545,1,-0.391347042284906,-0.336181398946792,0.829437681939453
80,-0.952713399892673,1,-0.992610617075115,-0.979784122668207,0.375271454453468
81,-0.387526918342337,1,-0.666675214655697,0.208109292667359,0.833779011853039
82,0.0226754889357835,1,0.361689704935998,0.00903475703671575,0.391202093567699
83,-0.201421441929415,1,0.597762357443571,-0.719058332033455,-0.845851210411638
84,0.362637004349381,1,0.989055503159761,0.0839754748158157,0.429166103247553
85,-0.331407169112936,1,-0.217957475222647,-0.155907563865185,0.243438376579434
86,-0.155287209758535,1,0.497421393170953,-0.455133926123381,-0.674577285069972
87,-0.129258612124249,1,0.0353045980446041,-0.0715613858774304,0.745575046166778
88,-0.091088450467214,1,0.836097008083016,-0.704634941648692,-0.977464720141143
89,-0.744297643797472,1,-0.742324399761856,-0.455948422197253,-0.363509172573686
90,0.237417329568416,1,0.264168149325997,0.7208103062585,0.890901630278677
91,-0.277120466157794,1,-0.6028912961483,0.54271044768393,0.61512047611177
92,-0.370965522387996,1,-0.00657421024516225,-0.631428661290556,0.217501811217517
93,-0.231815258134156,1,-0.272436753381044,0.098744363989681,0.747798093594611
94,-0.548899671249092,1,-0.149798582307994,-0.932225623168051,0.0566730685532093
95,-0.683299921872094,1,-0.955920831300318,-0.0656420262530446,0.143531016539782
96,0.318474070262164,1,0.842296464834362,0.551749739330262,-0.681990839540958
97,-0.826257821824401,1,-0.864344776142389,-0.95804267283529,0.933273680973798
98,-0.134092504903674,1,0.130600033793598,-0.234283742494881,0.70892600947991
99,-0.567294192267582,1,-0.274229804985225,-0.85790437925607,0.271920240018517
100,-0.699229179974645,1,-0.759125815704465,-0.41495254682377,0.0481949192471802
101,-0.427264898549765,1,-0.431281969882548,-0.139736701734364,0.302970969118178
102,0.241190374968573,1,0.965875305235386,-0.135272639337927,-0.0116548584774137
103,-0.306841104058549,1,-0.10350573901087,0.0729380091652274,-0.769696373026818
104,0.149604502599686,1,0.752887062262744,-0.298061164561659,0.625793208368123
105,-0.83656380190514,1,-0.974744643084705,-0.527480640914291,0.090527119114995
106,0.0526128003839403,1,0.285438112448901,0.532455709762871,-0.498429687693715
107,-0.286370094306767,1,-0.0362213184125721,-0.55610496038571,0.985720530152321
108,-0.325798254972324,1,-0.67552002472803,0.651274582371116,0.165793826803565
109,0.0875877215061337,1,0.711764859966934,-0.143942776601762,-0.251118754968047
110,-0.0423870910424739,1,0.598707030061632,-0.718662964180112,0.738582831807435
111,-0.0749504386913032,1,-0.162913681007922,0.704518967308104,-0.048492883797735
112,-0.72198422504589,1,-0.775333860889077,-0.217276027891785,-0.691344862338156
113,-0.826781097333878,1,-0.981585406232625,-0.166850668378174,-0.859331937041134
114,0.201937365299091,1,0.927951562218368,-0.31945717567578,0.337987368926406
115,0.00546623179689048,1,0.973643834702671,-0.988848284818232,0.152987998910248
116,-0.34283185317181,1,-0.723412684164941,0.92342765070498,-0.581538063008338
117,-0.19327361821197,1,-0.020035364665091,0.254045120906085,-0.594694721512496
118,0.348796222079545,1,0.653237271122634,0.873177978675812,-0.397758070845157
119,0.28027007272467,1,0.449986740481108,0.772133422084153,0.236366758588701
120,0.0897210527211428,1,0.337552591226995,0.120196274947375,0.848858746234328
121,0.107633256772533,1,0.445761051494628,0.362894378602505,-0.241155825555325
122,-0.507568215299398,1,-0.00741862971335649,-0.779124575201422,-0.701215278822929
123,-0.440903026098385,1,-0.21980810072273,-0.359973516780883,-0.230069207027555
124,-0.138502624165267,1,-0.306772462558001,0.816633616574109,-0.301064778584987
125,-0.225629232218489,1,0.278904432896525,-0.288978437427431,-0.78387917438522
126,-0.0262969250325114,1,0.11854111449793,0.622763707768172,-0.723965946119279
127,0.119464117242023,1,0.959504728205502,-0.265710543841124,-0.805750837083906
128,0.24658729955554,1,0.818450102582574,0.443684385158122,-0.957430672831833
129,0.0624440674204379,1,0.702437520027161,-0.526365677826107,0.691350107546896
130,-0.597965359222144,1,-0.573659205809236,-0.23245104495436,-0.414004428312182
131,-0.0428951133508235,1,0.601318082772195,-0.225821040570736,-0.758078425657004
132,-0.110181957809255,1,0.179464012384415,0.0707390308380127,-0.211356732528657
133,-0.191543901478872,1,0.355364743154496,-0.888629802968353,0.973626678343862
134,-0.204259764542803,1,0.567175509873778,-0.679978077765554,-0.838540961500257
135,-0.206219875765964,1,0.220071979332715,-0.211143553256989,-0.529127994552255
136,-0.415475683799013,1,-0.790740835480392,0.761241314467043,-0.484776603989303
137,-0.135428993217647,1,0.610277319792658,-0.77885316638276,-0.0691170319914818
138,-0.511726960819215,1,-0.395228208508343,-0.394483589567244,0.0423222030512989
139,0.0994856797158718,1,0.456445967778563,0.544025748036802,-0.919450285844505
140,-0.337569510983303,1,-0.600645925849676,0.680681969970465,-0.414511390496045
141,-0.343741519749165,1,-0.532428460661322,0.102401657029986,0.917522134725004
142,-0.208329185284674,1,0.68461371678859,-0.924235434271395,-0.733654133975506
143,-0.165736096305773,1,0.410445329733193,-0.7310706153512,0.483624234329909
144,-0.511434719897807,1,-0.634927004110068,0.0899050016887486,-0.209427183493972
145,-0.381802299059927,1,-0.729504909832031,0.808083112817258,-0.594747779890895
146,-0.26323389466852,1,-0.573554598260671,0.644378127995878,0.302299660630524
147,-0.0657762729097158,1,0.18062219209969,0.467966489959508,-0.964773159474134
148,-0.162399461911991,1,0.518550128675997,-0.628716800827533,-0.3305948600173
149,0.246323236217722,1,0.608212488237768,0.743528406601399,-0.808415298815817
150,-0.0676194349769503,1,-0.27568176202476,0.809570535551757,0.273502853699028
151,-0.347705507278442,1,-0.00562885729596019,-0.649299350567162,0.498987265396863
152,-0.426829991303384,1,-0.966063501313329,0.571814138907939,0.846575176808983
153,-0.374699828028679,1,-0.333715579472482,-0.274373300373554,0.744699518196285
154,0.215594714833423,1,0.632585077546537,0.221073974855244,0.329799836035818
155,0.277597480546683,1,0.870625723153353,0.391127582173795,-0.750536556821316
156,-0.0252043257001788,1,0.317470263689756,0.386121215764433,-0.997758222743869
157,0.296267498331144,1,0.804061112459749,0.434974953066558,-0.362555438186973
158,-0.503824965283275,1,-0.396055480930954,-0.374126782640815,0.0644080997444689
159,0.371379131823778,1,0.580894705839455,0.662172903306782,0.822799079120159
160,-0.51567367776297,1,-0.329394449945539,-0.535446664784104,0.0965754664503038
161,-0.269293003110215,1,-0.192309486679733,0.288042631465942,-0.595510492101312
162,0.231165627436712,1,0.868253358639777,0.0879432847723365,-0.293440373148769
163,-0.100148036610335,1,0.471618407871574,-0.636250359006226,0.549178671557456
164,0.329291831934825,1,0.631066149566323,0.915165390819311,-0.6079086009413
165,-0.384630085527897,1,-0.156033582985401,-0.081305495928973,-0.822216452565044
166,0.338167399680242,1,0.462582263164222,0.717445567715913,0.916425977833569
167,-0.24656576924026,1,-0.557085940614343,0.901330106891692,-0.384218310005963
168,-0.776423883764073,1,-0.617616320960224,-0.59075585892424,-0.903889656066895
169,0.523735824180767,1,0.870007597841322,0.793647184036672,0.506378700491041
170,-0.30231827837415,1,-0.75533040240407,0.849034286104143,0.206366369966418
171,-0.692399233207107,1,-0.870976177509874,-0.0629988326691091,-0.380114946514368
172,0.185622031474486,1,0.272424989379942,0.679862102959305,0.454509058967233
173,0.0619097872637212,1,0.981890628114343,-0.758851887192577,-0.0137996063567698
174,-0.410497021488845,1,-0.661472234409302,0.141334503423423,0.778387446887791
175,0.143902934715152,1,0.0285145970992744,0.860592583194375,0.714678612072021
176,-0.643451484385878,1,-0.392384013161063,-0.754858418367803,-0.208019522950053
177,-0.0225678124465049,1,0.661615652963519,-0.269339030142874,-0.725739298854023
178,-0.365492610819638,1,-0.44884888920933,0.0330768376588821,0.490087824873626
179,-0.180493715591729,1,0.503231382463127,-0.560705119743943,-0.638978709001094
180,-0.758587270323187,1,-0.895974797662348,-0.449227964039892,0.241685177199543
181,0.350792336137965,1,0.597364817280322,0.563427048269659,0.830818130169064
182,-0.333086917921901,1,-0.446055965963751,0.198560127057135,0.303730269428343
183,0.241069771628827,1,0.345852576661855,0.982114675920457,-0.264909194782376
184,-0.226392143638805,1,-0.395080571062863,0.836986180394888,-0.799477122258395
185,0.0323670290410518,1,0.562925803009421,-0.482744307257235,0.957274197135121
186,0.099725591763854,1,0.298298086505383,0.694645809475332,-0.578171943314373
187,-0.415127070760354,1,-0.929412806872278,0.557783552445471,0.822442669421434
188,-0.505866467347369,1,-0.258132355287671,-0.366704118438065,-0.667890541721135
189,0.125385495647788,1,0.90450566355139,-0.1769565558061,-0.737803693860769
190,-0.430769629403949,1,-0.34768290957436,0.126876688096672,-0.949911810457706
191,-0.485675355745479,1,-0.365101350937039,-0.0815520011819899,-0.786590799223632
192,-0.23253477383405,1,-0.194173147436231,0.0883621466346085,0.380431558936834
193,-0.664412856753915,1,-0.861429069191217,-0.187025596387684,0.224093567579985
194,-0.85999592798762,1,-0.917120927013457,-0.489162071142346,-0.546868431381881
195,-0.372773592639714,1,-0.749228108208627,0.403293443843722,0.808524283114821
196,0.0427592471241951,1,0.823797785677016,-0.520755054429173,-0.129131293855608
197,0.225966862542555,1,0.609268714208156,0.532279185950756,-0.3835125034675
198,-0.6041633348912,1,-0.0306069031357765,-0.995430053211749,-0.902308673597872
199,-0.565033569606021,1,-0.682743374723941,0.200929010286927,-0.839405853301287
200,-0.801890737935901,1,-0.917723845224828,-0.357749666087329,-0.357039154972881
201,-0.384608045499772,1,0.217962534632534,-0.935808684211224,-0.128467075526714
202,-0.584574891673401,1,-0.308926277793944,-0.939516013022512,0.517430511303246
203,-0.0766790416557342,1,0.599912765901536,-0.270671147387475,-0.954340803902596
204,0.396942192036658,1,0.8785370294936,0.259471120778471,0.798323410563171
205,0.226311805285513,1,0.502822740934789,0.72454946115613,-0.424644035287201
206,-0.171522832894698,1,0.442526142578572,-0.691799018997699,0.147538015153259
207,0.340154446754605,1,0.898110720794648,0.360037895850837,-0.169122823979706
208,0.0618034930434078,1,0.158623806666583,0.904384844470769,-0.888238636311144
209,-0.81562743736431,1,-0.987627709284425,-0.101784545462579,-0.912782190833241
210,0.203256059018895,1,0.967348976526409,-0.5597985368222,0.875211318023503
211,-0.219621243141592,1,0.196348761208355,-0.279794676229358,-0.338572208769619
212,-0.314133895142004,1,-0.231912326533347,-0.0728821624070406,0.23686916846782
213,0.0323232947383076,1,0.492655995301902,-0.244547289796174,0.593594840262085
214,-0.478211298910901,1,-0.452437885571271,-0.00026218593120575,-0.519137003459036
215,-0.0620621898211539,1,0.866569224279374,-0.97075312724337,-0.0412086378782988
216,0.0643988259602338,1,0.775864350609481,-0.625963701400906,0.642557610757649
217,-0.67573031745851,1,-0.642241599969566,-0.78603309718892,0.812004116829485
218,-0.550766055565327,1,-0.948786901310086,0.407861315645278,0.0126900039613247
219,0.39653968452476,1,0.916575819719583,0.128313598688692,0.997576950583607
220,-0.243229011958465,1,0.0853125583380461,-0.33597949706018,0.149085579905659
221,-0.416693840827793,1,0.25077203894034,-0.973336801864207,-0.50078819738701
222,-0.880283836694434,1,-0.849700536578894,-0.542750324588269,-0.926084710285068
223,-0.0257210640236735,1,0.6455859686248,-0.207207940053195,-0.863516663201153
224,-0.492861922318116,1,-0.82438285741955,0.133424270898104,0.793022251222283
225,-0.174492671480402,1,0.382038601208478,-0.413683685008436,-0.414068665821105
226,-0.677711769985035,1,-0.41669279942289,-0.927844774909317,0.0898806219920516
227,-0.0125126797240228,1,-0.0671139117330313,0.691133874468505,0.137041138019413
228,-0.455689483787864,1,-0.390579959377646,-0.147078782785684,-0.162758692633361
229,0.434077442064881,1,0.857648467645049,0.729402211960405,-0.135674553457648
230,0.0883864350151271,1,0.959719154518098,-0.845498364418745,0.621763670817018
231,0.0526536306366324,1,0.777975294739008,-0.638385490979999,0.551816305611283
232,-0.486523950193077,1,-0.898998150136322,0.705561796203256,-0.486934139858931
233,-0.697643839614466,1,-0.901253418531269,-0.325454400386661,0.50619189767167
234,0.27512692604214,1,0.550166823901236,0.967643221374601,-0.902494523208588
235,-0.0801270887255669,1,0.203576234169304,-0.207893550395966,0.804528593085706
236,-0.370844432758167,1,-0.68027243250981,0.28993967641145,0.823098805733025
237,0.103638904727995,1,0.199814112391323,0.486750296317041,0.577067596372217
238,-0.193675146205351,1,-0.222433571703732,0.36718360427767,0.0738655836321414
239,-0.433058811165392,1,-0.265723272226751,-0.259453895036131,-0.223610065411776
240,-0.0151837099343538,1,0.0379951009526849,0.450349690392613,0.307138324715197
241,0.0377520223148167,1,0.703595056664199,-0.507397770415992,0.381738251075149
242,-0.687758044013754,1,-0.890259506180882,-0.13966889725998,-0.00727621745318174
243,0.163913346640766,1,0.55248295981437,0.342421485111117,-0.150545787997544
244,-0.200826429203153,1,0.466577186249197,-0.606282345019281,-0.522303188219666
245,-0.624210390495136,1,-0.67925614444539,-0.580535862129182,0.895784403663129
246,0.142588106403127,1,0.250829540658742,0.909474981483072,-0.556691583711654
247,-0.330707314098254,1,-0.390437495429069,0.0515429135411978,0.490485595539212
248,-0.111044428311288,1,-0.0972953247837722,0.212275247089565,0.739206599537283
249,0.171277932357043,1,0.192739041522145,0.817051275167614,0.297930290456861
250,-0.213471445627511,1,0.161391196306795,-0.641538099385798,0.982943860348314
251,0.369506468391046,1,0.915819203946739,0.234851920977235,0.411412901245058
252,-0.176609514374286,1,0.297431536950171,-0.0923250075429678,-0.976277805864811
253,0.259006309788674,1,0.359980877488852,0.604762979783118,0.97586977109313
254,-0.227038902556524,1,0.152356136590242,-0.288329968694597,-0.167179802432656
255,-0.270444180769846,1,0.182091890368611,-0.706584018655121,0.504850796423852
256,0.0603254345711321,1,0.487914721947163,-0.169521991629153,0.672246710862964
257,0.214187985053286,1,0.144780487753451,0.932957661803812,0.61910442635417
258,-0.964201711816713,1,-0.963726364076138,-0.659445567522198,-0.845048595219851
259,-0.164742238819599,1,0.373666735365987,-0.608940078411251,0.311064170207828
260,-0.196116984914988,1,0.341234211344272,-0.379586585331708,-0.528581149876118
261,0.04623285792768,1,0.2228670604527,0.369477192871273,0.239561698399484
262,0.447631674585864,1,0.988315574359149,0.729653506539762,-0.65422164555639
263,-0.32708076373674,1,-0.243910294026136,0.0135846305638552,-0.0920100589282811
264,-0.456894354475662,1,-0.849177555181086,0.250627626664937,0.925061351154
265,-0.406003978243098,1,-0.684771397616714,0.23765644012019,0.650847885292023
266,0.183437397284433,1,0.900484437588602,0.109284941107035,-0.995903038419783
267,-0.610453029954806,1,-0.202992809470743,-0.888466288801283,-0.424167385790497
268,-0.560577604919672,1,-0.0249035195447505,-0.964410369750112,-0.588027342222631
269,0.151983069395646,1,0.569738713093102,0.182488659862429,0.123671148903668
270,0.337083995109424,1,0.873097422998399,0.282762695569545,0.157064749393612
271,0.266483920393512,1,0.678189030848444,0.193117691203952,0.694540976081043
272,-0.299413779750466,1,0.433516439050436,-0.940282308030874,-0.340873068664223
273,-0.104947139928117,1,0.00737932976335287,0.0634108218364418,0.723399486392736
274,-0.223575640423223,1,-0.153358958195895,0.127229468431324,0.14934998145327
275,-0.0319356739055365,1,0.0301742763258517,0.347795297391713,0.486385987140238
276,0.189498830959201,1,0.59811496315524,-0.0240691173821688,0.976620845962316
277,-0.838552798796445,1,-0.58621564367786,-0.869134169071913,-0.847047262359411
278,-0.618520939908922,1,-0.969599056988955,-0.0435190782882273,0.793343120720237
279,-0.382363683450967,1,-0.477795320097357,-0.0198727794922888,0.624958104453981
280,-0.045714852726087,1,-0.27109859790653,0.976314928382635,-0.0306003228761256
281,0.215491023287177,1,0.223138872534037,0.873161224182695,0.419732197653502
282,0.179488897975534,1,0.810377900023013,-0.198025468271226,0.337075884453952
283,-0.283381170639768,1,0.170119433198124,-0.882277133874595,0.962422529235482
284,-0.716795842675492,1,-0.512121230829507,-0.645717171952128,-0.670200756751001
285,-0.671113994950429,1,-0.839907401707023,0.0582732786424458,-0.686422776896507
286,0.377707204362378,1,0.951183080673218,0.371996338944882,-0.0948323765769601
287,-0.65426506055519,1,-0.376708725001663,-0.716020539868623,-0.511045360937715
288,-0.364282196899876,1,-0.709204095415771,0.6922932039015,-0.173681103624403
289,-0.821024869475514,1,-0.961185736116022,-0.217889169231057,-0.750652506481856
290,-0.60009681712836,1,-0.3384252153337,-0.67836619913578,-0.273743497207761
291,-0.365188527712598,1,0.149629462510347,-0.700349239166826,-0.298984872177243
292,0.0754630002193153,1,0.60269317869097,0.123040481470525,-0.627957335673273
293,-0.468458052584901,1,-0.161215874366462,-0.430815167259425,-0.586055652238429
294,0.53104499145411,1,0.834457757882774,0.983111080247909,0.1888278843835
295,0.252910352544859,1,0.817331404890865,0.392536152154207,-0.735161955468357
296,-0.76351861525327,1,-0.46666991757229,-0.968105300329626,-0.397520663682371
297,-0.35302608422935,1,-0.252494794782251,0.181567720137537,-0.812490028794855
298,-0.507916175061837,1,-0.631014482583851,-0.0392784248106182,0.193745936732739
299,0.057384118437767,1,0.367767065763474,0.502603380009532,-0.772804284468293
300,-0.104927178518847,1,-0.282453800085932,0.893075348809361,-0.316228831186891
301,-0.569784865016118,1,-0.20611121179536,-0.932175136171281,0.129232817329466
302,0.49054324538447,1,0.880100634414703,0.876887458842248,-0.12573309475556
303,-0.192423634091392,1,0.464606789406389,-0.552027311176062,-0.591188354417682
304,0.0341612434480339,1,-0.22622830979526,0.922547354828566,0.705111918970942
305,-0.161141161248088,1,0.160943984054029,0.00718622840940952,-0.437690217979252
306,-0.204558667214587,1,0.615536344237626,-0.838871482759714,-0.606653945054859
307,-0.388433536840603,1,-0.118197312578559,-0.60089048743248,0.509322656784207
308,-0.00279620103538039,1,-0.190970792900771,0.75111876334995,0.6735356641002
309,-0.280223030690104,1,-0.177911198232323,0.078170882537961,-0.147186963353306
310,-0.54087163307704,1,-0.577870530541986,-0.3630989077501,0.569933045189828
311,0.128473165351897,1,0.508001663722098,0.340120628941804,-0.275638551916927
312,-0.334188230521977,1,0.205785731784999,-0.568912406917661,-0.664073743391782
313,-0.469617415126413,1,-0.260780808050185,-0.752920957747847,0.866492762230337
314,-0.240248358156532,1,-0.20841711293906,0.221178970765322,-0.0239349291659892
315,0.182001500297338,1,0.97778796358034,-0.580178563948721,0.671610876917839
316,0.320813166163862,1,0.676588790491223,0.392848195042461,0.646643124055117
317,-0.192692545196041,1,0.195331240072846,-0.159006141126156,-0.426563228946179
318,0.492051717452705,1,0.927396188955754,0.540747639723122,0.661293310578912
319,-0.43316465257667,1,-0.606665265280753,0.0632443712092936,0.511946687009186
320,-0.482558916928247,1,-0.522787040565163,-0.359843201003969,0.867875636555254
321,-0.322712944168597,1,-0.931316177826375,0.850217381026596,0.878799304366112
322,0.241260143276304,1,0.587715310044587,0.516915319021791,-0.0767210745252669
323,-0.451638223975897,1,-0.888947424013168,0.867405070457608,-0.673860331065953
324,0.377632147446275,1,0.66212964663282,0.669432044494897,0.457377107813954
325,-0.344000888988376,1,-0.474961627740413,0.240206958260387,0.214178374037147
326,0.0534659234341234,1,0.23371902294457,0.132836160250008,0.967555638868362
327,-0.775483240373433,1,-0.765030551236123,-0.95484479283914,0.934854730963707
328,0.105171120166779,1,0.140945133753121,0.544244186021388,0.714252974838018
329,0.173634947231039,1,0.872972912155092,-0.148759470321238,-0.182236677501351
330,-0.874929258460179,1,-0.776097712107003,-0.923304392956197,-0.0988908451981843
331,-0.643241173308343,1,-0.345537309534848,-0.64578213263303,-0.767378787510097
332,0.471445321990177,1,0.849970987532288,0.57603951357305,0.73647974152118
333,-0.218452433357015,1,-0.445380712859333,0.464658935088664,0.648402425460517
334,-0.225621107593179,1,0.497360866051167,-0.832867811433971,-0.244411971885711
335,0.35728146424517,1,0.652162181213498,0.974533669184893,-0.611597271170467
336,0.400871590524912,1,0.793232629075646,0.672201123088598,0.025949390605092
337,-0.250747377378866,1,-0.644871051423252,0.862246881704777,0.130140838213265
338,-0.11717368629761,1,-0.204287951812148,0.316505464259535,0.900186503306031
339,0.0826643011067062,1,0.554185593035072,0.300849927123636,-0.846834735479206
340,-0.617181358719245,1,-0.602236669510603,-0.557879134081304,0.513007162604481
341,-0.10523563940078,1,0.449516503605992,-0.109155703801662,-0.972471800632775
342,-0.11275516343303,1,-0.371969452593476,0.60035497834906,0.931230693589896
343,-0.658195694582537,1,-0.336039828136563,-0.63578722672537,-0.994396124966443
344,-0.247326901042834,1,-0.476001346483827,0.327269169967622,0.924930212087929
345,-0.0287097631487995,1,0.675683980342001,-0.710413832217455,0.465723963454366
346,0.285735595365986,1,0.457215432543308,0.997340991627425,-0.42074418393895
347,0.550401973584667,1,0.97965570865199,0.819715238641948,0.146595476660877
348,0.39901392837055,1,0.846822425723076,0.852420574519783,-0.801234568469226
349,-0.522803022013977,1,-0.319501013960689,-0.823630915954709,0.840367597527802
350,-0.237127582728863,1,-0.0896694203838706,0.289074280299246,-0.790151566267014
351,-0.156922434596345,1,-0.484786278568208,0.829055384267122,0.367540894076228
352,-0.545924360631034,1,-0.659515446051955,-0.163293561898172,0.328214309643954
353,-0.511322758719325,1,-0.616156937088817,0.0106805441901088,-0.0644845343194902
354,-0.63019921798259,1,-0.195371065754443,-0.863697151187807,-0.734045397490263
355,-0.481659543234855,1,-0.656348354183137,0.137893103063107,0.0514670293778181
356,-0.142225397005677,1,-0.121495961211622,0.672915303148329,-0.833520073443651
357,-0.672494959132746,1,-0.470486083533615,-0.843661618884653,0.158465682994574
358,-0.197839634958655,1,-0.602009756956249,0.72383141098544,0.860158202238381
359,-0.172507141297683,1,0.447735544294119,-0.427801101002842,-0.680345831438899
360,-0.555977910058573,1,-0.747695947531611,-0.227716703433543,0.861850747372955
361,0.338618581416085,1,0.64417637558654,0.544090655632317,0.533031969331205
362,-0.361949076503515,1,-0.623897502664477,0.367449575569481,0.397648021578789
363,0.252897953102365,1,0.91343021672219,-0.113320221193135,0.301789110992104
364,0.28017372591421,1,0.942917783744633,-0.280448351521045,0.92849339498207
365,0.124521619500592,1,0.376901850104332,0.287446062080562,0.498368758242577
366,0.447199417464435,1,0.553384154103696,0.906660822220147,0.985090937465429
367,0.0904512443114072,1,0.991262557450682,-0.984462008345872,0.901585680898279
368,0.16386472187005,1,0.313418597448617,0.918647693004459,-0.684388847555965
369,-0.0824660679325461,1,0.311961643397808,-0.454542900901288,0.979159806389362
370,-0.0664210404269397,1,0.0118600307032466,0.258206279482692,0.501870603766292
371,0.190171456011012,1,0.909839940723032,-0.0715726162306964,-0.432767294812948
372,0.171324504772201,1,0.15464225737378,0.701215481385589,0.836387316696346
373,-0.386985471565276,1,-0.670814772602171,0.611978015862405,-0.351714900229126
374,-0.709955525631085,1,-0.99476427026093,0.290352283976972,-0.996790756937116
375,-0.579810816096142,1,-0.377291231881827,-0.682341396342963,0.135372187476605
376,-0.553303842572495,1,-0.446738928090781,-0.184666295535862,-0.745344898663461
377,-0.697117312066257,1,-0.981134501285851,-0.163296065758914,0.424387583043426
378,-0.357077902229503,1,-0.831850727088749,0.812530559487641,0.150882934685796
379,-0.223988466570154,1,0.00752713810652494,0.149690396152437,-0.726591544691473
380,-0.0997858406044543,1,0.263191791716963,0.113425461575389,-0.654093749355525
381,0.163462043600157,1,0.803702265024185,-0.115602976642549,-0.0370819591917098
382,-0.044833489600569,1,0.704386881552637,-0.722917811013758,0.198484129272401
383,-0.0884390061255545,1,0.0520496680401266,0.021686278283596,0.790302763693035
384,-0.0111124942079187,1,0.509140131995082,-0.360798242036253,0.425569124054164
385,-0.627486140606925,1,-0.558935962617397,-0.326070177834481,-0.501971059478819
386,-0.0340601269621402,1,0.332763399463147,0.236035896465182,-0.712525956332684
387,0.00395216383039949,1,0.0453803869895637,0.543777112849057,0.181288364809006
388,-0.514800688112155,1,-0.154707056470215,-0.579190857242793,-0.636899027042091
389,-0.212190064694732,1,-0.149984971620142,0.444445377681404,-0.705311921890825
390,0.0275931022595614,1,0.583158666733652,-0.260883066803217,0.142786889337003
391,-0.489883885439485,1,-0.546367919072509,0.0951186185702682,-0.452355114743114
392,-0.0339010969735682,1,0.0155885461717844,0.783117925748229,-0.766307477839291
393,-0.848607187112793,1,-0.927034724503756,-0.464321066159755,-0.45793505012989
394,-0.794561182428151,1,-0.619643250014633,-0.85161559889093,-0.292548777535558
395,-0.475901271170005,1,-0.935478343628347,0.63234726851806,0.0213372008875012
396,-0.262102782167494,1,0.282510002609342,-0.878662320319563,0.602409126237035
397,-0.783240083605051,1,-0.640339758247137,-0.547671284992248,-0.987688189838082
398,-0.536609573010355,1,-0.302166565321386,-0.941033953335136,0.967838956508785
399,-0.275938761653379,1,-0.404491171240807,0.416552109643817,0.013411910738796
400,-0.520134325604886,1,-0.838964476715773,0.422032123431563,-0.272617242764682
401,0.1207337832544,1,0.625695094931871,-0.0738122882321477,0.300299222581089
402,-0.631055466318503,1,-0.562805598601699,-0.373132463078946,-0.377129280939698
403,0.0362712131347507,1,0.854812555015087,-0.732093764003366,0.28493064828217
404,-0.471727355197072,1,-0.864745154045522,0.590723555535078,-0.165718448348343
405,-0.322312569618225,1,-0.08697012020275,-0.358046786859632,0.285865265410393
406,-0.0251444365363568,1,0.285397686529905,0.372508485801518,-0.795958255417645
407,-0.493301006639376,1,-0.51686432864517,-0.210296071600169,0.282199791632593
408,0.390553027531132,1,0.7431470900774,0.429597669281065,0.901001817081124
409,-0.23717730846256,1,-0.117566406726837,0.0836991011165082,-0.0350383543409407
410,-0.493360244808719,1,-0.76461922051385,-0.0179705554619431,0.943405320867896
411,-0.308055510278791,1,0.0653886767104268,-0.336061882786453,-0.399312837980688
412,0.125919884350151,1,0.0601087310351431,0.86595637537539,0.360786062199622
413,-0.241727255517617,1,-0.0437361015938222,-0.163894362747669,0.29309104103595
414,-0.366593036754057,1,-0.296336055733263,-0.107910628896207,0.139481797814369
415,-0.18318246002309,1,-0.645906419027597,0.97689487459138,0.46702287113294
416,-0.189282741304487,1,0.127882651984692,-0.0739856599830091,-0.310283693019301
417,-0.67959340242669,1,-0.659304569475353,-0.437376113142818,-0.18728283746168
418,0.150153062446043,1,0.581228158902377,0.285730888135731,-0.261802834458649
419,-0.399062915658578,1,-0.441985642071813,0.17257902212441,-0.298438012599945
420,-0.521880696108565,1,-0.117349433247,-0.601586196105927,-0.827301206532866
421,-0.426414251420647,1,-0.252236107364297,-0.0603270609863102,-0.821980794426054
422,-0.190213941270486,1,-0.553988973610103,0.961495149414986,-0.0166799928992987
423,-0.882342338887975,1,-0.864245800767094,-0.707053950056434,-0.381032534874976
424,-0.150859578512609,1,0.224378264974803,-0.519102641846985,0.92682081554085
425,-0.00730704129673543,1,-0.046563611831516,0.4919274863787,0.683965187054127
426,-0.369249037466943,1,-0.721814191434532,0.886629454791546,-0.743307781871408
427,-0.267171025369316,1,-0.47625437984243,0.71511810598895,-0.43579267244786
428,-0.795955829136074,1,-0.728794599883258,-0.799356966279447,0.0824856068938971
429,-0.431199391139671,1,-0.5266341897659,-0.0132219060324132,0.36084275553003
430,-0.361425430793315,1,-0.011178873013705,-0.208676530513912,-0.932330351322889
431,0.0768496748991311,1,0.85026631783694,-0.323506720829755,-0.512314677704126
432,0.192092827288434,1,0.802997762337327,-0.107700042426586,0.229039588477463
433,0.120787976589054,1,0.847368136048317,-0.619639954995364,0.829958950635046
434,0.243615326983854,1,0.758427747990936,0.408197030425072,-0.580576561391354
435,0.0473867083899677,1,0.207847457844764,0.550074580591172,-0.215593947097659
436,-0.89165071635507,1,-0.980229476001114,-0.638490924611688,-0.0998870097100735
437,0.0156888692639768,1,0.567142978310585,-0.239469412248582,0.039582037832588
438,-0.059864259744063,1,0.762038116343319,-0.802921799011528,-6.77821226418018e-05
439,-0.145140399970114,1,0.413660899735987,-0.728596210014075,0.666080131661147
440,0.0754571448080241,1,0.40719029866159,0.485803725663573,-0.738791222218424
441,-0.527766507910565,1,-0.308243173640221,-0.272900528274477,-0.917747626081109
442,-0.350548991980031,1,-0.188469280488789,-0.220487244892865,0.0983182173222303
443,0.168958479352295,1,0.729766122531146,0.305840503424406,-0.876767329405993
444,-0.316257987823337,1,-0.559185044374317,0.241298467852175,0.909449940081686
445,0.0605942568276077,1,0.879167867358774,-0.487123129423708,-0.328527380246669
446,-0.34846524419263,1,-0.21885900804773,-0.196893704123795,0.200323710683733
447,0.0137390976306051,1,0.87968808831647,-0.671521349810064,-0.246485415846109
448,0.137525449274108,1,0.551659227814525,0.300123271066695,-0.283411459531635
449,0.252521703811362,1,0.879814897663891,0.29589884635061,-0.761553989257663
450,-0.221935983048752,1,0.00658774189651012,0.105574841611087,-0.569023064803332
451,-0.385051600448787,1,-0.709089724812657,0.259194580838084,0.917348877061158
452,0.18844058397226,1,0.927245504688472,-0.174327966757119,-0.228837783448398
453,0.335249127075076,1,0.603519255761057,0.731669967994094,0.139885087963194
454,-0.211218274338171,1,-0.548753581941128,0.623620845377445,0.760722630191594
455,0.316225126711652,1,0.657822655513883,0.733962435275316,-0.328749316278845
456,-0.372416335623711,1,-0.837344979867339,0.981246285140514,-0.481177312321961
457,0.475871232431382,1,0.709479886572808,0.978905242402107,0.27459716424346
458,-0.609785902732983,1,-0.706329166889191,-0.0923436125740409,-0.289182355161756
459,0.145048473682255,1,0.929848453961313,-0.629980440251529,0.691183787770569
460,-0.652135554654524,1,-0.821639593224972,-0.233748932834715,0.288089218083769
461,0.428340805089101,1,0.656155716627836,0.797011095099151,0.611596182454377
462,-0.816283934190869,1,-0.909711676184088,-0.751954694278538,0.641583121847361
463,-0.691415897058323,1,-0.840771479532123,-0.511278209276497,0.823533054906875
464,0.335454771248624,1,0.545416560489684,0.943208416458219,-0.202160339336842
465,-0.256751442700624,1,-0.400019400753081,0.705224050674587,-0.683089575264603
466,-0.735270487936214,1,-0.687480598688126,-0.339004822075367,-0.898287419695407
467,0.497600361751392,1,0.841001103166491,0.904197240713984,0.0584063795395195
468,-0.353921617381275,1,-0.567890180274844,0.573647857178003,-0.420708843972534
469,0.263751071924344,1,0.697586624417454,0.599810124374926,-0.649852775968611
470,0.370374937634915,1,0.508016102015972,0.963710073847324,0.272538644727319
471,-0.55990082975477,1,-0.567376340273768,-0.193190951831639,-0.182553740683943
472,0.120662946440279,1,0.855740761850029,-0.0960681457072496,-0.783869907725602
473,0.039811403863132,1,-0.211100151296705,0.893652137368917,0.772658383008093
474,0.173272560769692,1,0.182288537267596,0.863237061537802,0.231571736745536
475,-0.409246166097,1,0.156946321949363,-0.885240014642477,-0.221473226789385
476,-0.562022994784638,1,-0.175725316163152,-0.894722463097423,-0.0574359777383506
477,0.456727602053434,1,0.86995809013024,0.823625086806715,-0.253389690537006
478,0.0104658520780504,1,0.219399567227811,0.309825037606061,0.0781855718232691
479,-0.179263097047806,1,-0.550243196543306,0.837070986628532,0.447372052352875
480,-0.128946303436533,1,0.818580647930503,-0.826975597068667,-0.901439482811838
481,0.392514767684042,1,0.983576104976237,0.0868755173869431,0.746640599798411
482,-0.328867012588307,1,-0.588337524794042,0.333607450593263,0.652195146307349
483,-0.653132123500109,1,-0.847136847209185,0.211945326533169,-0.931472978554666
484,0.174810654204339,1,0.732098658103496,-0.121699251234531,0.452711005229503
485,-0.0208339815959334,1,0.000154843553900719,0.270197399891913,0.980293766595423
486,-0.426569127757102,1,-0.0641879993490875,-0.556474829558283,-0.275326792150736
487,-0.196025483403355,1,0.118388992268592,-0.0579514759592712,-0.378345367498696
488,-0.125302095059305,1,0.506782103795558,-0.466595354024321,-0.387145407497883
489,0.183305662078783,1,0.771239960566163,0.188903443980962,-0.589853513985872
490,0.0873858088161796,1,0.761760875117034,-0.480441166087985,0.506377210840583
491,-0.462714013736695,1,0.0410257042385638,-0.668708273675293,-0.826143837533891
492,-0.541909883450717,1,-0.869908841326833,0.5092026819475,-0.597162673715502
493,0.359049542434514,1,0.762394730933011,0.638823859393597,-0.137949808500707
494,0.28675968167372,1,0.832335699815303,0.367380649317056,-0.396223630290478
495,0.143850568775088,1,0.339634955860674,0.588562340475619,-0.0253561129793525
496,-0.668519646581262,1,-0.444676795508713,-0.534041791688651,-0.859687113203108
497,0.40315975388512,1,0.951068004593253,0.61093787709251,-0.556556115392596
498,-0.259738251799718,1,0.20958667062223,-0.871255591046065,0.968450902029872
499,0.228770533530042,1,0.774271264206618,0.192718629725277,-0.161806874908507
500,-0.14375987155363,1,0.615187707357109,-0.528471829835325,-0.928121762815863
501,-0.531308303680271,1,-0.907751746475697,0.350671094842255,0.173662411049008
502,-0.479260673001409,1,-0.522731294855475,0.116079565603286,-0.527188952546567
503,-0.151620443537831,1,-0.340027870144695,0.486932745669037,0.723136678338051
504,-0.0283606712706387,1,0.348943699616939,-0.0832201684825122,0.221335294656456
505,0.00352491280063987,1,0.173545754514635,0.0932915494777262,0.887645707000047
506,0.282234137831256,1,0.321087584365159,0.9315285673365,0.422317754477262
507,-0.126097888033837,1,0.0496205794624984,-0.0172796747647226,0.542757246643305
508,-0.0753300241660327,1,-0.0488940612412989,0.568005100823939,-0.212845237925649
509,-0.103101006289944,1,0.0485201645642519,0.164693532977253,0.23230851534754
510,-0.707631740998477,1,-0.996091670356691,0.0883634728379548,-0.360949476715177
511,-0.241410520253703,1,-0.559113859198987,0.960875173099339,-0.50116142584011
512,0.220374495815486,1,0.462296833749861,0.873316219542176,-0.727687869220972
513,0.31767667895183,1,0.409600226674229,0.991015746258199,0.155718417372555
514,0.559092188347131,1,0.901432124897838,0.72046311898157,0.922371902037412
515,-0.431724628293887,1,-0.952647142112255,0.85355949215591,-0.114689048845321
516,-0.510868549719453,1,-0.896003899630159,0.558745209127665,-0.304901626426727
517,-0.644314713729545,1,-0.923861063085496,0.0682826079428196,-0.0286896456964314
518,-0.504178195958957,1,-0.764315306209028,0.334444667678326,-0.223539431579411
519,-0.804023422859609,1,-0.929602359421551,-0.795981138013303,0.995720982551575
520,0.00807096362113952,1,0.12444978300482,0.2655134559609,0.661920353304595
521,-0.300301230652258,1,-0.162397647742182,0.211513787508011,-0.825565430335701
522,-0.244400279736146,1,-0.037112268153578,0.0673949155025184,-0.460626203101128
523,0.0417989035136998,1,0.998349069617689,-0.96275826683268,0.314518487546593
524,0.0038010608870536,1,0.373756628017873,0.174572602845728,-0.354490339756012
525,-0.574978214036673,1,-0.833359054289758,-0.033292559441179,0.516890809405595
526,-0.437917665112764,1,-0.760660061612725,0.576216407120228,-0.304525564424694
527,0.300505668856204,1,0.673962925560772,0.4648841698654,0.240589551161975
528,-0.0744078789837658,1,0.578410206362605,-0.818181483540684,0.818414628971368
529,-0.691264790808782,1,-0.84462706791237,-0.351067152805626,0.363688889890909
530,-0.599733958113938,1,-0.62940329592675,-0.3932960848324,0.329565152991563
531,0.267313330015168,1,0.374289986211807,0.837930420413613,0.287892107851803
532,-0.0152572159655392,1,-0.098828203510493,0.645788935013115,0.404202052857727
533,0.241721521737054,1,0.940634812228382,-0.269301339052618,0.521945173386484
534,-0.0120927693787962,1,-0.230879254639149,0.791053700260818,0.660307478625327
535,-0.438734832778573,1,-0.425035420805216,0.0240152627229691,-0.334217011928558
536,-0.243910291604698,1,-0.00439210701733828,-0.142716496717185,0.0110071091912687
537,0.278099412564188,1,0.55941744428128,0.701309790369123,-0.120022466871887
538,-0.24554024101235,1,0.0584371262229979,-0.206875714007765,-0.126960899215192
539,-0.590384273789823,1,-0.20352399488911,-0.761126620694995,-0.602842901367694
540,0.0889203135855496,1,0.876109221484512,-0.171080077067018,-0.978102740366012
541,-0.248720257775858,1,-0.752676553092897,0.897557274438441,0.583508364390582
542,0.0712768367026001,1,0.0200193789787591,0.995092840399593,-0.372607049066573
543,-0.275168669223785,1,-0.156310650985688,0.0118123576976359,-0.00557051040232182
544,0.355760024162009,1,0.518246973864734,0.840560334734619,0.444684368092567
545,0.000160354049876313,1,0.38374272082001,-0.201835493091494,0.688396415673196
546,-0.404534640582278,1,-0.222059666644782,-0.0211898535490036,-0.871478511951864
547,0.0193340687546879,1,0.000394088681787252,0.625393933150917,0.315188444685191
548,0.289558590902016,1,0.788069971837103,0.15746839903295,0.482830852735788
549,0.421458120457828,1,0.945390412118286,0.503415591549128,-0.0226176306605339
550,0.105264943931252,1,0.651178639382124,-0.180130900815129,0.337148944847286
551,-0.596691484935582,1,-0.90830913092941,-0.114344307687134,0.917663728352636
552,-0.450174410780892,1,-0.157411180436611,-0.628355144988745,0.170377229340374
553,-0.129167022742331,1,0.0437710382975638,0.116714406292886,0.139331362210214
554,-0.956807484710589,1,-0.975657153874636,-0.905697234906256,0.0273026269860566
555,-0.344031198695302,1,-0.352397484239191,-0.014387384057045,0.364837586414069
556,-0.343120009684935,1,-0.110700000077486,-0.0683304923586547,-0.672708619385958
557,-0.572399820806458,1,-0.959854559972882,0.115787320770323,0.727912629488856
558,-0.619121250929311,1,-0.973941715434194,0.206958360504359,0.0576209863647819
559,0.274684823863208,1,0.606090989895165,0.61878977669403,-0.139976040925831
560,-0.310273785702884,1,-0.513888499233872,0.763363363221288,-0.823385450523347
561,0.105557984719053,1,0.881020837463439,-0.588194874115288,0.415060282219201
562,-0.309106925176457,1,0.161990914028138,-0.926710647065192,0.879108119290322
563,-0.430327978311107,1,-0.488581514451653,0.0888452469371259,-0.12690795166418
564,-0.193517011683434,1,-0.331998973619193,0.822412527166307,-0.742412830237299
565,0.113339974824339,1,0.65689080581069,-0.319209007080644,0.806572740431875
566,0.0402636108454317,1,0.88453445956111,-0.943273760844022,0.809785093180835
567,0.00388286947272716,1,0.371415248606354,0.191739864181727,-0.39346714084968
568,-0.300146306538954,1,0.16824190877378,-0.737356892321259,0.369398067705333
569,0.207396864099428,1,0.612868792377412,0.514930528122932,-0.535166905261576
570,-0.329893271252513,1,-0.415080410428345,0.512573985848576,-0.761252617929131
571,0.263288715947419,1,0.538476524874568,0.910241628531367,-0.790220350492746
572,-0.427342371596023,1,-0.15362057974562,-0.4935054294765,-0.0248045288026333
573,-0.83017700901255,1,-0.586881237104535,-0.821368456352502,-0.903258535545319
574,-0.242585867410526,1,0.452859563753009,-0.902161642443389,0.0163284344598651
575,-0.493151348410174,1,-0.58162546204403,0.154150960035622,-0.485839053988457
576,-0.110529633658007,1,-0.38408419676125,0.7259043706581,0.637411535251886
577,-0.563706038938835,1,-0.854372086003423,0.473178429994732,-0.784735249355435
578,-0.574617021437734,1,-0.14868259197101,-0.795953231398016,-0.614897560328245
579,-0.438002325315028,1,-0.624705350957811,-0.00546505488455296,0.759898666292429
580,-0.245175544125959,1,-0.296103061176836,0.397217023186386,-0.162891204934567
581,0.331768069183454,1,0.768309202045202,0.222605980467051,0.808316740207374
582,-0.0979500594548881,1,-0.0893792123533785,0.820292391814291,-0.993481708224863
583,-0.11140339053236,1,-0.356003021355718,0.967583334073424,-0.236768800765276
584,-0.0597140249330551,1,-0.0581815727055073,0.259834863711149,0.91426302306354
585,-0.0092986097559333,1,0.130447748117149,0.236377062276006,0.545643975026906
586,-0.107437858590856,1,0.446641176473349,-0.563297143671662,0.382306962739676
587,0.382643501833081,1,0.934207506012172,0.688422117847949,-0.909868865273893
588,-0.903262778650969,1,-0.98813810525462,-0.629375027958304,-0.20381217636168
589,0.0998864330351353,1,0.419880679808557,0.349073193967342,-0.14775865059346
590,0.444006984168664,1,0.627199037000537,0.908075082115829,0.579849410336465
591,-0.264460660610348,1,-0.224290720652789,-0.0918962764553726,0.752535826526582
592,-0.224623386841267,1,-0.0815351973287761,-0.139012673404068,0.57848013844341
593,0.474822287168354,1,0.894813353195786,0.953253438696265,-0.58560421038419
594,0.0183392030652612,1,0.523666815832257,-0.0801133955828846,-0.19460186176002
595,-0.178843568218872,1,-0.253721726126969,0.773819837253541,-0.841286563314497
596,0.110422955173999,1,-0.00491863023489714,0.734540631063282,0.925200809724629
597,-0.32010740195401,1,0.548311412800103,-0.994898333679885,-0.957936082500964
598,-0.775228461623192,1,-0.929871562402695,-0.493992680218071,0.379051236435771
599,0.335119115700945,1,0.87678345805034,0.653850991744548,-0.994279108475894
600,-0.0277260842267424,1,-0.14026009477675,0.790449627675116,0.052690748590976
601,-0.359570430358872,1,-0.535247885156423,0.455024212598801,-0.284537515603006
602,-0.539470002381131,1,-0.0834361873567104,-0.855350527912378,-0.411467503290623
603,-0.385399106284603,1,0.0743113220669329,-0.930326345842332,0.565431364346296
604,-0.156405068840832,1,0.225469789002091,-0.0542551768012345,-0.528634103015065
605,0.0599345440976321,1,0.334802829194814,0.57024356815964,-0.785399409476668
606,-0.86701616672799,1,-0.679483211133629,-0.910069764591753,-0.542536317836493
607,-0.553581642266363,1,-0.40484104026109,-0.532156442757696,0.0848581069149077
608,-0.567481814697385,1,-0.920729525852948,0.619093717541546,-0.928451670333743
609,0.151011665770784,1,0.893756813369691,-0.298183811828494,-0.0641159736551344
610,-0.219372255122289,1,0.283118252642453,-0.585086229722947,0.145944874733686
611,-0.147023569280282,1,0.748972213827074,-0.793747799936682,-0.833853362128139
612,-0.907064420357347,1,-0.810523054096848,-0.841190781444311,-0.494456588756293
613,-0.428643169766292,1,-0.188539902213961,-0.386632566805929,-0.183834486175328
614,-0.448704794747755,1,-0.577295309863985,-0.135590470395982,0.80620001303032
615,0.587721364526078,1,0.971855104900897,0.83976933080703,0.498630128335208
616,-0.432089142734185,1,-0.770286353304982,0.458246150054038,0.15580188902095
617,-0.491088110534474,1,-0.465875286143273,-0.0923401662148535,-0.304484175983816
618,-0.0518047368153929,1,0.72429812559858,-0.877065897919238,0.491659697610885
619,-0.0727049617562443,1,0.87267129169777,-0.736122563946992,-0.882038384210318
620,-0.736081762099639,1,-0.968523887451738,-0.498029220849276,0.975889478810132
621,-0.154214541520923,1,-0.457054644357413,0.809224150609225,0.315455354750156
622,-0.567347066942602,1,-0.917751574888825,0.484150854405016,-0.537165358196944
623,-0.0925476850941777,1,0.456686282064766,-0.333449693396688,-0.208559181075543
624,-0.343519904557615,1,-0.343707472551614,-0.0585332922637463,0.458938193973154
625,-0.554674997506663,1,-0.351864921860397,-0.772724464070052,0.530748026445508
626,0.554843754600734,1,0.928530834615231,0.738645483274013,0.689846923109144
627,-0.0686789624858648,1,-0.0105877020396292,0.240368388127536,0.645043720956892
628,0.00591029878705737,1,0.0187254915945232,0.69369398849085,-0.115606435574591
629,-0.669833822315559,1,-0.689090950414538,-0.350688010454178,-0.200819439720362
630,-0.000975081557407984,1,0.442059610970318,-0.343767726793885,0.811254309955984
631,0.265197412110865,1,0.998077646829188,0.0303075714036822,-0.429336827248335
632,-0.213511733105406,1,-0.443292289972305,0.733352317009121,-0.118712832219899
633,0.271406953176484,1,0.712121977936476,0.669257492292672,-0.854312834795564
634,-0.0720979723613709,1,-0.0102177881635725,0.415466205216944,0.0837106015533209
635,-0.643655743310228,1,-0.915843402501196,0.0979208303615451,-0.151102911680937
636,-0.240709952265024,1,-0.383798677008599,0.322528272867203,0.544309043791145
637,-0.452874583378434,1,-0.170890958514065,-0.417711102869362,-0.421157732605934
638,-0.40036670928821,1,0.18541983794421,-0.789738943334669,-0.561549452599138
639,0.053134520817548,1,0.0629934202879667,0.587400130461901,0.454177715349942
640,-0.109629438864067,1,0.49381934851408,-0.325692726299167,-0.588312952313572
641,-0.0202782067004591,1,0.811356017831713,-0.486289276275784,-0.800694327335805
642,-0.495665346737951,1,-0.442456431686878,-0.135365926194936,-0.338273530360311
643,0.229230777779594,1,0.942254659254104,0.100083013996482,-0.719214560464025
644,-0.527133569912985,1,-0.897645208984613,0.65526892291382,-0.748916422948241
645,0.279150330275297,1,0.812456854153425,0.0020794877782464,0.72298056865111
646,-0.601807667827234,1,-0.579723058268428,-0.466981647070497,0.281483554281294
647,-0.0622198375407606,1,-0.331072770990431,0.729944926686585,0.843330699484795
648,-0.0752402883954346,1,-0.435836963821203,0.999112504068762,0.42944442294538
649,-0.535552134551108,1,-0.99834540951997,0.214684844948351,0.992151167243719
650,-0.120487108267844,1,0.109686232637614,-0.117900703568012,0.600399864837527
651,-0.187905950425193,1,0.199265812523663,-0.390599635895342,0.296410340815783
652,-0.198938386747614,1,-0.408559735864401,0.818983965553343,-0.403537084814161
653,0.360311951488256,1,0.554493715055287,0.745600613299757,0.593849099706858
654,-0.0572319861035794,1,0.610199238639325,-0.307605864945799,-0.700498459395021
655,-0.352966978726909,1,-0.134052657987922,0.0190719156526029,-0.916622244287282
656,0.165049138525501,1,0.266485413070768,0.452526140026748,0.960485899820924
657,-0.516291359812021,1,-0.340681711677462,-0.480146663729101,-0.019065048545599
658,0.332129316916689,1,0.701851457823068,0.427387833129615,0.529872380662709
659,0.0916834134142846,1,0.601216033566743,-0.251502718310803,0.66526212124154
660,-0.0337180276867002,1,0.777567441109568,-0.720746220089495,-0.0627788221463561
661,0.0558435679413378,1,0.154654994606972,0.381624118424952,0.640288351103663
662,-0.161451423866674,1,-0.0224482170306146,0.32793081086129,-0.486065586097538
663,0.116899780230597,1,0.310345168691128,0.431897574104369,0.321579236537218
664,-0.109466658998281,1,0.119007359724492,0.382150340825319,-0.836154411081225
665,-0.632016065251082,1,-0.697811785619706,0.00777726573869586,-0.85443352162838
666,0.292691611405462,1,0.529740165453404,0.798624780029058,-0.117659053299576
667,-0.230636290600523,1,0.381382504012436,-0.82524611055851,0.262462905608118
668,-0.246358108520508,1,0.20423367107287,-0.289565879385918,-0.616051802411675
669,-0.295758802536875,1,0.0485821794718504,-0.690587473101914,0.87126349657774
670,0.448055127216503,1,0.580215286463499,0.990388520993292,0.608309276867658
671,-0.216098740790039,1,-0.572586147580296,0.574734169058502,0.977740822825581
672,-0.234428628068417,1,0.332491160836071,-0.833608113229275,0.494082254823297
673,-0.972120535094291,1,-0.965700913220644,-0.75412335479632,-0.630330720450729
674,-0.148555110860616,1,0.710557668004185,-0.878413266502321,-0.403099649120122
675,0.223034387687221,1,0.311987950000912,0.911821545567364,-0.0650605098344386
676,0.039424076443538,1,-0.0416903705336154,0.820102737285197,0.142384405247867
677,0.0864826615899801,1,0.471497812774032,0.178152462933213,-0.0271198367699981
678,-0.391242231335491,1,-0.600249507464468,0.320998339448124,0.12583020562306
679,0.199551645852625,1,0.775305835995823,0.340766869485378,-0.903313329908997
680,-0.0585828149225563,1,-0.0299707548692822,0.47309489082545,0.144740952644497
681,0.360766750294715,1,0.641112701967359,0.729231752920896,0.214408734347671
682,-0.673101487476379,1,-0.750439919531345,-0.586136126425117,0.779593102168292
683,-0.100792399793863,1,0.581363769248128,-0.690356815233827,0.156327601522207
684,-0.106587372394279,1,0.831749555189162,-0.916809582151473,-0.474192753434181
685,-0.567473596055061,1,-0.108156386762857,-0.824752259068191,-0.659697249531746
686,0.0373089504428208,1,0.63102841284126,-0.319859639275819,0.177526358049363
687,0.0531474174000323,1,0.540106273721904,-0.0281205871142447,-0.0846954332664609
688,0.104957810789347,1,0.587408680468798,0.0970376976765692,-0.178578387480229
689,-0.489798317709938,1,-0.26498387940228,-0.265752269886434,-0.775806970428675
690,-0.602229266380891,1,-0.999245562590659,0.421098148450255,-0.289359296206385
691,-0.066585893696174,1,0.751838342286646,-0.870610000099987,0.186779351904988
692,0.083178489934653,1,0.878293838817626,-0.72175789065659,0.605589377228171
693,-0.559560571471229,1,-0.285450707189739,-0.824215868953615,0.304295428097248
694,-0.500447531882673,1,-0.728703158441931,0.0601014252752066,0.4587361975573
695,0.245698554441333,1,0.936877581756562,-0.00519777601584792,-0.211809036321938
696,0.255941939540207,1,0.938216865528375,-0.199722606688738,0.467502887826413
697,-0.823698755120858,1,-0.703568143304437,-0.758501071017236,-0.443643621634692
698,-0.602155793458223,1,-0.653944758232683,-0.558336773421615,0.923176176846027
699,-0.901260794419795,1,-0.9309669630602,-0.984419592656195,0.595485649071634
700,0.395690242946148,1,0.527779284864664,0.894056717399508,0.635835852939636
701,-0.782748754695058,1,-0.831559576559812,-0.838145557325333,0.844747007824481
702,-0.146411077212542,1,0.0109018147923052,0.170416539534926,-0.0298694646917284
703,0.316302101919427,1,0.722724163439125,0.237127352040261,0.838018145877868
704,0.334082701057196,1,0.625463824253529,0.545299992430955,0.577607912011445
705,-0.269531046459451,1,0.35310052940622,-0.965634543448687,0.436090518720448
706,-0.459093937510625,1,-0.329543203115463,-0.241017123684287,-0.220171988476068
707,-0.0893119516316801,1,0.787678009830415,-0.863470730371773,-0.241097374353558
708,0.326776831550524,1,0.897015718277544,0.495866976678371,-0.704911205917597
709,-0.650722012668848,1,-0.549203561153263,-0.671133070718497,0.252196891233325
710,0.160952748218551,1,0.720696995034814,0.0939780557528138,-0.275891660246998
711,-0.11424348843284,1,-0.386195146013051,0.646686994470656,0.848479862324893
712,-0.786910616839305,1,-0.910269539337605,-0.30033885454759,-0.416741908062249
713,0.139856160851195,1,0.450717822648585,0.434181549586356,-0.157572153490037
714,0.0331545236054808,1,0.753483380191028,-0.585596850607544,0.3209188869223
715,-0.664495504787192,1,-0.61372478120029,-0.402968301903456,-0.3674262361601
716,-0.539363809581846,1,-0.844505353830755,0.0135536342859268,0.788227770477533
717,-0.865668521123007,1,-0.599617138970643,-0.970226620789617,-0.747919654008001
718,-0.351649664668366,1,-0.164578975643963,-0.0965860430151224,-0.403843639418483
719,-0.367700854223222,1,-0.138219079934061,-0.258298312313855,-0.211018205620348
720,-0.419825764279813,1,-0.37746413378045,0.124529048334807,-0.684524118900299
721,0.328817004477605,1,0.76166501455009,0.304638532921672,0.565929373260587
722,-0.0408888716716319,1,0.514777382835746,-0.65900310408324,0.994233681354672
723,-0.758188355853781,1,-0.664507563691586,-0.545027865096927,-0.6242621447891
724,-0.0454558230936527,1,0.0808186545036733,0.0526835317723453,0.98329790122807
725,0.351913386490196,1,0.426543225999922,0.82167741889134,0.921385478228331
726,-0.0480913649313152,1,-0.373648108448833,0.963317095767707,0.497375605627894
727,-0.0816177642904222,1,0.145598405972123,0.117469280958176,0.103422484360635
728,-0.131207838933915,1,-0.497142300475389,0.914828150067478,0.42914866283536
729,0.218667347822338,1,0.475499485153705,0.481563236098737,0.364486344158649
730,-0.0886377110611647,1,0.369286935310811,-0.255789780057967,0.0345575530081987
731,-0.119820852670819,1,0.254328720271587,-0.279635363258421,0.369053961709142
732,-0.0303813693113625,1,0.296907195355743,-0.108036303892732,0.535759241785854
733,-0.0569213881623,1,0.18288763333112,0.160412742290646,0.0351097248494625
734,-0.679620558489114,1,-0.548945104237646,-0.84916391922161,0.496011693961918
735,0.00902682724408804,1,0.155342695303261,0.217563624493778,0.660863922443241
736,-0.418692625826225,1,-0.0231471890583634,-0.706229083240032,0.0474969367496669
737,0.322646201075986,1,0.814409102313221,0.537236446980387,-0.457292841747403
738,0.159074994176626,1,0.386099269613624,0.334957201499492,0.655381989199668
739,0.0804082650225609,1,0.53011876065284,0.210455167107284,-0.477876654360443
740,-0.668643406406045,1,-0.395768340211362,-0.997403672430664,0.284618654288352
741,-0.825406748009846,1,-0.597018122207373,-0.764863615389913,-0.974386022891849
742,-0.339691570401192,1,-0.693089028820395,0.374732709955424,0.944331310223788
743,-0.409037321154028,1,-0.285101324785501,-0.090596123598516,-0.39307821681723
744,-0.424963288707659,1,-0.430189954582602,-0.100594584830105,0.203100640326738
745,-0.169513010513037,1,0.505553189199418,-0.921320686116815,0.54106600722298
746,0.122608576109633,1,0.303569194860756,0.784479860216379,-0.645199793856591
747,-0.29619493172504,1,0.369598569814116,-0.668040413409472,-0.805820926092565
748,-0.531397637259215,1,-0.308795830234885,-0.286990955006331,-0.909024356398731
749,-0.472592317871749,1,-0.0358806876465678,-0.554610535968095,-0.88268813258037
750,-0.168719872133806,1,0.358277099207044,-0.316903362050653,-0.527874131221324
751,-0.458242696290836,1,-0.472151861991733,-0.315825764089823,0.725809639319777
752,0.226105786021799,1,0.687216523569077,0.367265806533396,-0.276822177227587
753,0.320359160797671,1,0.780469745397568,0.511678471695632,-0.233792534098029
754,0.476541151013225,1,0.803757359273732,0.940191259607673,-0.0739490650594234
755,-0.850719382008538,1,-0.611639720853418,-0.909147309605032,-0.721553287003189
756,-0.31191815813072,1,-0.0560026806779206,-0.115295505616814,-0.493281661067158
757,-0.705507191689685,1,-0.82871928717941,-0.204206689726561,-0.298855411820114
758,0.110406196862459,1,0.359650140628219,0.673858200665563,-0.715763336513191
759,-0.422394733084366,1,-0.78865323215723,0.554439421277493,0.0560005661100149
760,0.21890308377333,1,0.958360741380602,-0.216476341709495,0.0466561559587717
761,-0.319456801796332,1,-0.742096279747784,0.686121473554522,0.457548960112035
762,-0.187642327044159,1,0.554236416239291,-0.691370171494782,-0.573494837153703
763,-0.205636532371864,1,0.239802677184343,-0.401351009495556,-0.0513256811536849
764,-0.565461565321311,1,-0.450763372238725,-0.570289538241923,0.310069822706282
765,-0.867753840051591,1,-0.970331258606166,-0.47118865000084,-0.412316157482564
766,-0.717279914440587,1,-0.640198987443,-0.508819564245641,-0.445345514453948
767,-0.198024664819241,1,-0.63166076829657,0.95191957661882,0.322298463433981
768,0.0887972576543689,1,0.878594214562327,-0.465819464530796,-0.107540102675557
769,0.208744653919712,1,0.676001108251512,0.563107499852777,-0.981881501618773
770,-0.406166504975408,1,-0.553745205979794,0.197681011166424,0.114017946645617
771,0.102240145299584,1,0.447589972056448,0.317482113838196,-0.167994748800993
772,-0.825851684948429,1,-0.984280151780695,-0.686189157422632,0.721451381687075
773,0.0309662767220288,1,0.589372581336647,-0.454632597975433,0.726697654463351
774,-0.271169432951137,1,-0.76877465704456,0.832347759511322,0.635135677177459
775,-0.0842724767513573,1,-0.128558731637895,0.364211104810238,0.707435576245189
776,-0.0491103903390467,1,-0.310684522613883,0.900129525456578,0.361930133309215
777,0.404505093023181,1,0.797104246448725,0.39394464250654,0.877695770468563
778,-0.0749953242018819,1,0.130804218817502,0.149269523564726,0.148217093199492
779,-0.382092331070453,1,0.340667941141874,-0.880819159559906,-0.881805537734181
780,-0.291010611271486,1,-0.353268306702375,-0.00776365352794528,0.879526381380856
781,-0.190802502771839,1,0.21580394404009,-0.49700358742848,0.503966014366597
782,-0.0421587464865297,1,-0.164570767432451,0.935235490091145,-0.404440097976476
783,-0.49126452007331,1,-0.717027175240219,0.45890611037612,-0.704227655660361
784,-0.63611358855851,1,-0.781749573070556,0.0933214668184519,-0.732352420687675
785,-0.609896826278418,1,-0.940447430126369,0.279236648231745,-0.234441056847572
786,-0.763705196790397,1,-0.900527535472065,-0.267271473072469,-0.332599871326238
787,-0.612324936315417,1,-0.930946444161236,0.497015714179724,-0.959564284887165
788,0.0321092820260673,1,0.0805948595516384,0.419939056504518,0.658301352988929
789,-0.195898755406961,1,0.178815675899386,-0.507515207864344,0.669479690026492
790,0.218362501775846,1,0.103232504334301,0.947785393334925,0.82410631608218
791,0.0755250368267298,1,0.751257431227714,-0.661882387008518,0.984610373154283
792,-0.396455379435793,1,0.0679846568964422,-0.815038642380387,0.140638848301023
793,-0.0244420439936221,1,0.356993166729808,0.169209591113031,-0.537015046924353
794,-0.0317382898647338,1,-0.0436883089132607,0.665583183523268,-0.0956909046508372
795,-0.758239721739665,1,-0.83994302758947,-0.252925945911556,-0.623904241714627
796,-0.770338526600972,1,-0.796941148582846,-0.371814211364836,-0.603236889000982
797,-0.53015799052082,1,-0.279058848507702,-0.361138523090631,-0.822870093397796
798,-0.341598545201123,1,-0.480611857492477,0.236268633976579,0.27826793352142
799,-0.444043441209942,1,-0.854441041592509,0.30550582986325,0.915253306273371
800,-0.430457235639915,1,-0.845573228318244,0.922817235812545,-0.845157922245562
801,0.0537096078507602,1,-0.0493746306747198,0.752543897833675,0.526337538380176
802,-0.373354733176529,1,-0.613422021269798,0.112441932782531,0.996236976236105
803,-0.0445898629259318,1,0.163504035677761,-0.0497424341738224,0.885808494873345
804,-0.193963776063174,1,0.0125174303539097,0.264947844203562,-0.797068445011973
805,-0.36411865176633,1,-0.419065431691706,-0.029499595053494,0.542639425955713
806,-0.776862503960729,1,-0.916314719244838,-0.266416093800217,-0.387803161982447
807,-0.55163289019838,1,-0.705179750453681,-0.251067430246621,0.76277214102447
808,-0.237952575739473,1,0.168202097527683,-0.644124938640743,0.711838570889086
809,-0.137084943521768,1,-0.260477298405021,0.963598113041371,-0.959257282316685
810,-0.0400277926586568,1,0.339270170778036,-0.34266670467332,0.931371333543211
811,0.413466434599832,1,0.865694757550955,0.565329374745488,0.110202434007078
812,0.0585963419638574,1,0.137076173443347,0.412475871387869,0.663154938258231
813,-0.319656524015591,1,-0.270384499337524,-0.0971243460662663,0.446730294730514
814,0.178067683940753,1,0.639146212954074,0.483413198497146,-0.865293820854276
815,-0.951314811361954,1,-0.846715670078993,-0.795061757788062,-0.894384489860386
816,-0.359683800116181,1,-0.71476840833202,0.868315141648054,-0.627941384445876
817,-0.186572026088834,1,0.168451663572341,-0.19244238641113,-0.130651419516653
818,-0.348697482561693,1,-0.526719108223915,0.653836189769208,-0.814887853804976
819,-0.0274202297441662,1,-0.114817176014185,0.836335356812924,-0.209122487809509
820,-0.507784658158198,1,-0.331852321978658,-0.166836238931865,-0.918076254893094
821,-0.22312652124092,1,-0.0645236554555595,0.160470366943628,-0.390058035962284
822,0.00202384111471472,1,0.593273681588471,-0.00248688366264105,-0.938669345807284
823,-0.638301472878083,1,-0.707432789728045,-0.559358797501773,0.832225612364709
824,-0.644784327317029,1,-0.428708479274064,-0.718020536471158,-0.150239267386496
825,-0.241329332487658,1,0.3019217136316,-0.845412637107074,0.613336018286645
826,-0.664337027492002,1,-0.340222603175789,-0.919835078064352,-0.182752024848014
827,-0.618417813861743,1,-0.91659306967631,0.355529258027673,-0.667800564318895
828,0.0229339809622616,1,0.534453353844583,-0.369562208652496,0.665759666357189
829,-0.32019746764563,1,0.19492472242564,-0.469962196890265,-0.766711697913706
830,-0.84704554672353,1,-0.904469121713191,-0.421678970567882,-0.683072946965694
831,-0.335142002394423,1,-0.254810338374227,-0.266755084041506,0.722896920051426
832,0.230952985165641,1,0.414864907506853,0.83884946256876,-0.281343073584139
833,-0.150780159048736,1,-0.0447394889779389,0.0658876323141158,0.518232957459986
834,-0.177466592146084,1,0.440461477730423,-0.472069118637592,-0.560765954200178
835,0.31753865070641,1,0.455442106816918,0.829626061953604,0.409297787118703
836,0.179607080575079,1,0.596450285520405,0.599718830082566,-0.985337112098932
837,-0.159769586659968,1,0.623976144474,-0.668543125502765,-0.711947212461382
838,-0.0369150380138308,1,0.46162857208401,-0.500348773319274,0.823753079399467
839,0.331648109806702,1,0.842273430433124,0.100828010588884,0.802629914134741
840,0.100408597895876,1,0.352475832216442,0.368059968110174,0.137526913546026
841,0.130962386773899,1,0.289752978365868,0.694455174729228,-0.222506548278034
842,-0.928988967929035,1,-0.904248505365103,-0.882930322084576,-0.119856186211109
843,-0.0323145875707269,1,0.706428425386548,-0.3197419969365,-0.896062011830509
844,-0.67649226244539,1,-0.511672996915877,-0.831924199126661,0.289214957505465
845,-0.739599135285243,1,-0.700860775541514,-0.50902562122792,-0.364610611461103
846,-0.0421724367886782,1,-0.17878334922716,0.699724888894707,0.373017711564898
847,0.470630651991814,1,0.939453111030161,0.605414930731058,0.192796172574162
848,0.147068937681615,1,0.583445087540895,0.0750436005182564,0.328333137556911
849,0.0890393241308629,1,0.494945450685918,0.166956427507102,-0.0852032946422696
850,-0.736225077277049,1,-0.623833972495049,-0.986376005224884,0.716047105379403
851,-0.242520677810535,1,0.238560139201581,-0.859357363544405,0.960064616519958
852,-0.381944655487314,1,-0.685570419300348,0.286711602471769,0.748270734213293
853,-0.571183551568538,1,-0.951428088359535,0.280177690088749,0.204771855846047
854,-0.197231651702896,1,-0.684685765299946,0.965685888659209,0.554054643493146
855,-0.47351306672208,1,-0.708554574288428,0.0253379563800991,0.731628335081041
856,-0.819306638743728,1,-0.951981586869806,-0.593723203055561,0.348011156078428
857,-0.688149529788643,1,-0.803874188568443,-0.315189635381103,0.0834445510990918
858,0.321653708163649,1,0.779782766476274,0.177878969814628,0.783986339811236
859,-0.338745506107807,1,0.39862445788458,-0.859659004956484,-0.80160033563152
860,-0.0326030316296965,1,0.308651169762015,0.246697478462011,-0.609378600493073
861,-0.992325375089422,1,-0.999018625821918,-0.919039904605597,-0.171040907967836
862,-0.733522151224315,1,-0.96334656374529,0.160089216660708,-0.998756343498826
863,-0.298332217242569,1,-0.596304074395448,0.821188916452229,-0.465368549805135
864,-0.270135122677311,1,-0.288416568655521,0.10439256997779,0.42755390657112
865,0.148774954583496,1,0.459683535154909,0.502203084994107,-0.317277384921908
866,-0.203956085583195,1,0.251753831282258,-0.426992618013173,-0.017352158203721
867,0.242266192380339,1,0.456623204052448,0.4692197968252,0.731886513065547
868,-0.149414324713871,1,0.547249579802155,-0.593546453863382,-0.449751784559339
869,-0.317302875267342,1,0.0448351292870939,-0.495095307007432,0.0880815219134092
870,0.0574667248409241,1,0.455615814775229,-0.0440598484128714,0.428767719771713
871,-0.26630807579495,1,0.0797806484624743,-0.234396677929908,-0.358793966472149
872,-0.0783980268053711,1,-0.266855073627084,0.837663487065583,0.0373046388849616
873,0.0666311273816973,1,0.24231720995158,0.805041891522706,-0.960400450509042
874,-0.238829281972721,1,0.00347655452787876,-0.38270445773378,0.742437780834734
875,-0.288005063124001,1,-0.531427685637027,0.755047098733485,-0.488053499255329
876,-0.178298182133585,1,-0.420487698633224,0.635354357305914,0.413393599912524
877,-0.721001939522102,1,-0.602951468434185,-0.742851000279188,0.0332909477874637
878,-0.516220856411383,1,-0.582453321665525,-0.0873020766302943,0.0119642741046846
879,0.300499784946442,1,0.888986942823976,0.130975725594908,0.167135958559811
880,-0.240734070679173,1,-0.530019443947822,0.897882914170623,-0.450892229564488
881,-0.284905827464536,1,-0.472676864825189,0.380449874326587,0.372976426500827
882,-0.433949737017974,1,-0.0922465119510889,-0.313786293379962,-0.936905930284411
883,-0.592553564114496,1,-0.237765702884644,-0.715393798425794,-0.590525731444359
884,-0.0545514757744968,1,-0.190992151852697,0.78160934895277,0.064617954660207
885,-0.598894740547985,1,-0.802001917734742,-0.227698997594416,0.704159175977111
886,0.0116378963459283,1,0.813820225186646,-0.657479180488735,0.0197153789922595
887,-0.390743752289563,1,0.235307497903705,-0.778319184202701,-0.749017459806055
888,0.136935274954885,1,0.81773372227326,-0.481764514464885,0.725977681577206
889,0.336603186326101,1,0.793370189610869,0.604505551513284,-0.414335739333183
890,0.263181336084381,1,0.626703850459307,0.58399707917124,-0.253697128966451
891,-0.274762338865548,1,-0.766289929393679,0.885751918423921,0.426570503041148
892,0.427075019897893,1,0.4955874979496,0.954308189917356,0.929888139478862
893,-0.536566751962528,1,-0.242525199893862,-0.585372030735016,-0.396925427950919
894,-0.162111174222082,1,-0.366599881555885,0.475635513197631,0.784981125965714
895,-0.363792463485152,1,0.18682716274634,-0.977195589803159,0.359526320826262
896,-0.643459113221616,1,-0.975060207769275,-0.128231627400964,0.825404788833112
897,-0.216686232993379,1,0.466614129021764,-0.817127775400877,-0.0485496488399804
898,0.107038720790297,1,0.305393191985786,0.509676769841462,0.014390938449651
899,-0.146961133601144,1,0.264722225721925,-0.548313183709979,0.85171708650887
900,-0.101582866534591,1,-0.364985955879092,0.910493903793395,0.0776194026693702
901,-0.310427581053227,1,-0.347287612501532,0.215597508475184,-0.014630273450166
902,0.523834025580436,1,0.904541512019932,0.952338481787592,-0.141382749658078
903,-0.148476503789425,1,-0.240608119871467,0.833686229772866,-0.78278312785551
904,0.271554704150185,1,0.724781200755388,0.175650229677558,0.564690348692238
905,-0.352009538142011,1,-0.552815098315477,0.638731375336647,-0.67221401585266
906,-0.682321744086221,1,-0.701012758072466,-0.602103504352272,0.488156862556934
907,-0.474158721463755,1,-0.234599506948143,-0.298736182507128,-0.672381132375449
908,-0.40661409618333,1,-0.0915715997107327,-0.812776111532003,0.830045371316373
909,0.214236003533006,1,0.700023335870355,0.446583621669561,-0.697507509030402
910,-0.251182521786541,1,-0.558698159176856,0.836526131723076,-0.227912817150354
911,-0.536443551722914,1,-0.699458423536271,0.272563328500837,-0.684833385050297
912,0.380325039383024,1,0.744563359301537,0.853104185312986,-0.478878958616406
913,-0.740499399509281,1,-0.929707866162062,-0.274268004577607,0.06634934945032
914,-0.286018697917461,1,0.0479619945399463,-0.107838646508753,-0.776481012348086
915,-0.042138731200248,1,0.361912036314607,-0.252261868212372,0.525838111061603
916,-0.132878796430305,1,0.12892986042425,-0.259193538688123,0.804143349640071
917,-0.0842389202211052,1,0.234132563695312,0.177210759371519,-0.544684298802167
918,-0.0835412791930139,1,0.631599117536098,-0.836237210314721,0.515303251333535
919,-0.309247898682952,1,0.106849904172122,-0.622275460977107,0.24009787524119
920,0.0232553185895086,1,0.803710184060037,-0.800434805452824,0.615306681953371
921,0.442375491559505,1,0.901342348195612,0.934940760955215,-0.887779108248651
922,0.288427404966205,1,0.928587023634464,0.0492292302660644,0.0936512406915426
923,-0.602366842003539,1,-0.255016115959734,-0.723535081837326,-0.577982594724745
924,-0.756974427727982,1,-0.378652288112789,-0.990708901081234,-0.704356133472174
925,0.229927286645398,1,0.0784223768860102,0.974086783826351,0.984900630544871
926,0.355988036235794,1,0.795804641675204,0.810799560043961,-0.851541526149958
927,-0.21495372755453,1,-0.251938011497259,0.117699508089572,0.75705425767228
928,-0.337513567553833,1,-0.283030710648745,-0.311735754366964,0.975225140806288
929,0.165529161691666,1,0.382872134447098,0.865936835762113,-0.856879562605172
930,-0.0111392494291067,1,0.086097480263561,0.608816653955728,-0.368329857476056
931,-0.00757660809904336,1,0.82438754895702,-0.683013306465,-0.148663906380534
932,0.0615965909324586,1,0.887441360857338,-0.442876979708672,-0.492609955836087
933,-0.170563007332385,1,-0.0500860204920173,0.350917858537287,-0.507953546475619
934,-0.263166005350649,1,-0.314772204495966,0.515116007067263,-0.603147052228451
935,-0.0705120034050197,1,-0.017839933745563,0.773647416848689,-0.936862615868449
936,-0.278442984260619,1,-0.13724962156266,0.15727313561365,-0.570001141633838
937,0.156146503565833,1,0.459661725908518,0.615161524154246,-0.582328166346997
938,-0.679837571457028,1,-0.767763511277735,-0.547574432101101,0.683165138121694
939,-0.23123052273877,1,0.470914892386645,-0.667770728934556,-0.663567502517253
940,-0.190955666173249,1,0.316461397800595,-0.321225034538656,-0.528188547119498
941,-0.462965189991519,1,-0.718886524438858,0.519214014988393,-0.592861322686076
942,-0.868929906655103,1,-0.730921166017652,-0.73668563272804,-0.824636338278651
943,0.0842343361116945,1,0.512855097651482,0.399885536637157,-0.921588737051934
944,-0.162068137060851,1,-0.249956807121634,0.728980171494186,-0.557837849482894
945,-0.690955786826089,1,-0.755843212362379,-0.30720400903374,-0.208729779347777
946,0.458209042623639,1,0.813968599308282,0.912491600494832,-0.225227371789515
947,0.271446536807343,1,0.32347291521728,0.983382031787187,0.146954696625471
948,-0.293707837676629,1,-0.280288547277451,0.141193368006498,0.0407842556014657
949,0.12565312338993,1,0.862662505824119,-0.544382016174495,0.576364753302187
950,-0.631162122264504,1,-0.769783419556916,-0.266309584490955,0.336224628612399
951,0.0232982673216611,1,0.843354771379381,-0.915792698040605,0.763586910441518
952,-0.563721586298197,1,-0.488642886281013,-0.160039787180722,-0.713882070034742
953,-0.604709662497044,1,-0.46952473372221,-0.493102118838578,-0.220166599843651
954,-0.693263443559408,1,-0.878033495973796,-0.0212169508449733,-0.478816103190184
955,-0.589638316165656,1,-0.59480332583189,-0.186811849940568,-0.361930982675403
956,0.165121724503115,1,0.144743578974158,0.905747602693737,0.210256542079151
957,-0.559245005249977,1,-0.37472607800737,-0.698837650939822,0.377693290356547
958,-0.173614991875365,1,0.671839975286275,-0.824452401604503,-0.621992590371519
959,0.320305203692988,1,0.57478023134172,0.776349695865065,0.000101792626082897
960,-0.283746655378491,1,-0.702625860460103,0.844460722990334,0.142280579544604
961,-0.209353339066729,1,0.297933974768966,-0.339476911816746,-0.564772529061884
962,-0.493656163988635,1,-0.146739328745753,-0.75800849031657,0.0711604747921228
963,0.112083544395864,1,0.145221163053066,0.907251237425953,-0.327024083584547
964,-0.690773478662595,1,-0.670325121376663,-0.374914072919637,-0.431366960983723
965,0.339833181910217,1,0.789550658781081,0.46485941670835,0.0560002750717103
966,-0.430483270902187,1,-0.277731385082006,-0.545738328713924,0.721039202529937
967,-0.00854348358698191,1,0.483696719165891,0.0506535205058753,-0.655878993216902
968,0.00699148960411547,1,0.794427307788283,-0.896886024624109,0.78843643097207
969,-0.489037370542064,1,-0.0142704173922539,-0.80780689092353,-0.395600945688784
970,-0.445559623232111,1,-0.0678009409457445,-0.521847242489457,-0.551049800124019
971,0.329380942042917,1,0.757135915569961,0.279838725924492,0.668613664805889
972,0.057289656996727,1,0.882466097362339,-0.512680185493082,-0.301393360365182
973,0.0259320454206317,1,0.444701205473393,0.168443109840155,-0.469514902681112
974,-0.667436452629045,1,-0.684111232869327,-0.38538867328316,-0.097642342094332
975,-0.790007510967553,1,-0.713401626329869,-0.593985316809267,-0.551111027598381
976,-0.80657886439003,1,-0.808825680520386,-0.674243847373873,0.00107130082324147
977,-0.198592980019748,1,-0.147416994441301,0.113465147092938,0.410759730730206
978,-0.289405629131943,1,-0.126400231383741,-0.197072654496878,0.32916282908991
979,-0.231428763549775,1,-0.178192708175629,0.358148251660168,-0.497768849600106
980,0.136053124768659,1,0.730802828911692,-0.1930814194493,0.285761361476034
981,0.203006995655596,1,0.628782515414059,0.439499413594604,-0.432340861298144
982,0.465555841336027,1,0.72583346394822,0.977014805190265,0.0953466780483723
983,0.1798118036706,1,0.295743324328214,0.896506933495402,-0.370119385421276
984,0.236062536062673,1,0.456365186721087,0.819983219262213,-0.381150230765343
985,-0.275200788676739,1,0.0844372236169875,-0.450527236331254,0.177387704141438
986,-0.326223619561642,1,-0.605888161808252,0.601104565896094,-0.0361090842634439
987,-0.142116268211976,1,-0.549801221117377,0.866814599372447,0.72739962534979
988,-0.58702527936548,1,-0.746542086824775,-0.377626545727253,0.995337277650833
989,-0.0303959093056619,1,0.377141673117876,-0.136414859443903,0.219577119685709
990,-0.842337306123227,1,-0.735893319826573,-0.689399350900203,-0.675708409398794
991,-0.208023741003126,1,0.227933074813336,-0.405918255914003,-0.00214801635593176
992,-0.410502587351948,1,-0.805078449193388,0.807617095299065,-0.502484913449734
993,-0.423122934438288,1,-0.0224297912791371,-0.726655258331448,0.0608853870071471
994,0.457721518864855,1,0.608032089658082,0.958593944087625,0.66127290809527
995,-0.323912283917889,1,-0.0023566079325974,-0.217037843540311,-0.57622626889497
996,-0.352221306273714,1,-0.275484394747764,0.210227160714567,-0.775472571142018
997,-0.477074547717348,1,-0.596244865097106,-0.134024118538946,0.612551203928888
998,-0.510076648602262,1,-0.553096703253686,0.106430214829743,-0.654573614243418
999,0.239007699815556,1,0.2949547348544,0.949322360567749,0.0673362421803176
1000,-0.446538417460397,1,-0.340419778134674,0.00120331859216094,-0.766895239707083
